YOLO,Mark Hamill,25
YOLO,Peter Mayhew,33
YOLO,David Prowse,50
Dune: Part Two,Kenny Baker,4
Dune: Part Two,Denis Lawson,88
Dune: Part Two,Graham Ashley,200
Ghostbusters: Frozen Empire,Angelina Jolie,65
Ghostbusters: Frozen Empire,Brad Pitt,12
Ghostbusters: Frozen Empire,Denis Lawson,85
Ghostbusters: Frozen Empire,Leonardo Di Caprio,55
Ghostbusters: Frozen Empire,Jack Purvis,25
The Beekeeper,Daniel Radcliffe,5
The Beekeeper,Johnny Depp,78
The Beekeeper,Angelina Jolie,41
The Beekeeper,Kenny Baker,51
The Beekeeper,Shelagh Fraser,1
The Beekeeper,Carrie Fisher,12
Inception,Daniel Radcliffe,10
Inception,Brad Pitt,55
Inception,Johnny Depp,45
Article 20,Angelina Jolie,52
Article 20,Leonardo Di Caprio,65
Article 20,Daniel Radcliffe,74
Article 20,William Hootkins,4
Le grand bleu,Jean Reno,100
Subway,Jean Reno,100
Subway,Christophe Lambert,100
Seven,Brad Pitt,100
Pulp Fiction,Quentin Tarantino,10