Dune: Part Two,USA,Steven Spielberg,2024
YOLO,China,Steven Spielberg,2024
Pegasus 2,USA,Martin Scorcese,2024
Kung Fu Panda 4,France,Martin Scorcese,2023
Godzilla x Kong: The New Empire,USA,Francis Coppola,2026
Article 20,Italy,Francis Coppola,2022
Boonie Bears: Time Twist,USA,Steven Spielberg,2024
Bob Marley: One Love,France,Martin Scorcese,2023
Ghostbusters: Frozen Empire,China,Francis Coppola,2021
The Beekeeper,Japan,Steven Spielberg,2022
Inception,USA,James Cameron,2017
Le grand bleu,France,Luc Besson, 2000
Subway,France,Luc Besson, 1992
Seven,USA,James Cameron,2010
Pulp Fiction,USA,Quentin Tarantino,1998